71.0,71.0,59.0,66.0,65.0,45.0,66.0,66.0,80.0,57.0,68.0,66.0,61.0,59.0,70.0,60.0,54.0,47.0,60.0,63.0,60.0,63.0,74.0,53.0,67.0,61.0,67.0,53.0,59.0,69.0,56.0,69.0,68.0,67.0,67.0,68.0,75.0,69.0,57.0,62.0,72.0,59.0,75.0,58.0,71.0,57.0,60.0,56.0,41.0,65.0,70.0,59.0,72.0,75.0,71.0,68.0,57.0,47.0,79.0,72.0,72.0,66.0,70.0,66.0
70.0,74.0,72.0,80.0,62.0,58.0,61.0,71.0,79.0,75.0,87.0,70.0,64.0,56.0,73.0,61.0,59.0,79.0,75.0,69.0,79.0,128.0,74.0,78.0,74.0,51.0,85.0,66.0,64.0,66.0,58.0,62.0,55.0,50.0,48.0,57.0,67.0,43.0,59.0,56.0,57.0,45.0,59.0,51.0,58.0,43.0,71.0,37.0,60.0,47.0,49.0,64.0,78.0,63.0,64.0,77.0,62.0,51.0,60.0,51.0,58.0,61.0,57.0,58.0
64.0,68.0,72.0,61.0,61.0,65.0,69.0,56.0,79.0,74.0,93.0,74.0,76.0,69.0,76.0,57.0,70.0,81.0,74.0,64.0,56.0,114.0,76.0,71.0,54.0,67.0,73.0,74.0,60.0,81.0,79.0,64.0,62.0,46.0,61.0,52.0,59.0,40.0,58.0,44.0,56.0,56.0,68.0,48.0,61.0,70.0,76.0,61.0,62.0,57.0,60.0,50.0,55.0,49.0,67.0,49.0,61.0,49.0,71.0,55.0,52.0,51.0,70.0,48.0
94.0,65.0,74.0,84.0,69.0,69.0,67.0,67.0,101.0,71.0,100.0,99.0,74.0,67.0,87.0,71.0,58.0,58.0,54.0,70.0,54.0,44.0,56.0,46.0,65.0,67.0,73.0,69.0,62.0,66.0,86.0,47.0,63.0,50.0,77.0,64.0,50.0,54.0,55.0,70.0,76.0,60.0,86.0,74.0,58.0,61.0,58.0,63.0,51.0,51.0,49.0,57.0,48.0,41.0,52.0,43.0,73.0,60.0,49.0,55.0,54.0,42.0,61.0,57.0
78.0,67.0,109.0,62.0,73.0,56.0,92.0,50.0,119.0,87.0,121.0,77.0,74.0,60.0,94.0,67.0,71.0,64.0,84.0,41.0,57.0,51.0,73.0,52.0,68.0,62.0,89.0,51.0,68.0,61.0,75.0,64.0,56.0,50.0,74.0,59.0,65.0,38.0,61.0,55.0,80.0,58.0,72.0,62.0,63.0,40.0,75.0,51.0,55.0,44.0,66.0,52.0,35.0,48.0,50.0,42.0,58.0,48.0,71.0,59.0,54.0,46.0,54.0,38.0
73.0,87.0,85.0,61.0,57.0,56.0,54.0,52.0,95.0,77.0,114.0,87.0,68.0,61.0,76.0,68.0,67.0,56.0,87.0,64.0,44.0,53.0,58.0,45.0,74.0,58.0,84.0,90.0,55.0,57.0,82.0,60.0,74.0,65.0,68.0,61.0,74.0,54.0,49.0,60.0,76.0,58.0,91.0,86.0,53.0,50.0,55.0,49.0,61.0,59.0,65.0,57.0,43.0,31.0,48.0,40.0,70.0,60.0,59.0,61.0,43.0,57.0,53.0,61.0
87.0,61.0,87.0,86.0,55.0,61.0,76.0,63.0,80.0,64.0,71.0,76.0,73.0,52.0,78.0,76.0,55.0,61.0,64.0,63.0,63.0,59.0,71.0,53.0,60.0,47.0,81.0,58.0,63.0,58.0,88.0,57.0,55.0,60.0,54.0,66.0,57.0,62.0,51.0,57.0,74.0,64.0,72.0,85.0,63.0,76.0,67.0,58.0,59.0,46.0,67.0,56.0,51.0,48.0,63.0,61.0,60.0,48.0,77.0,58.0,53.0,50.0,73.0,58.0
84.0,68.0,89.0,75.0,60.0,62.0,51.0,69.0,77.0,80.0,115.0,102.0,71.0,63.0,76.0,59.0,53.0,48.0,77.0,49.0,47.0,44.0,76.0,54.0,77.0,63.0,83.0,65.0,67.0,52.0,68.0,56.0,68.0,63.0,110.0,69.0,58.0,38.0,55.0,54.0,76.0,70.0,82.0,79.0,80.0,57.0,82.0,49.0,64.0,48.0,68.0,51.0,40.0,38.0,39.0,43.0,63.0,49.0,75.0,49.0,48.0,38.0,61.0,52.0
72.0,58.0,81.0,90.0,62.0,68.0,78.0,74.0,94.0,107.0,110.0,90.0,71.0,69.0,83.0,83.0,51.0,48.0,68.0,61.0,50.0,50.0,54.0,65.0,63.0,64.0,77.0,70.0,51.0,64.0,75.0,60.0,63.0,51.0,94.0,64.0,53.0,45.0,51.0,50.0,78.0,49.0,82.0,80.0,57.0,48.0,89.0,57.0,55.0,54.0,61.0,45.0,37.0,53.0,40.0,47.0,53.0,48.0,60.0,73.0,51.0,52.0,49.0,46.0
84.0,62.0,74.0,67.0,65.0,49.0,67.0,62.0,117.0,84.0,101.0,100.0,73.0,46.0,66.0,68.0,60.0,52.0,68.0,80.0,55.0,52.0,48.0,55.0,79.0,58.0,104.0,72.0,50.0,60.0,71.0,59.0,68.0,53.0,59.0,62.0,49.0,42.0,58.0,44.0,84.0,69.0,89.0,84.0,55.0,42.0,56.0,66.0,60.0,63.0,59.0,48.0,38.0,44.0,65.0,44.0,69.0,61.0,78.0,68.0,46.0,46.0,57.0,62.0
71.0,59.0,77.0,65.0,77.0,39.0,75.0,72.0,91.0,71.0,127.0,96.0,92.0,69.0,109.0,68.0,56.0,60.0,73.0,50.0,68.0,39.0,69.0,45.0,82.0,62.0,95.0,69.0,64.0,43.0,55.0,55.0,59.0,52.0,78.0,65.0,69.0,50.0,75.0,52.0,78.0,64.0,93.0,75.0,57.0,53.0,69.0,52.0,51.0,44.0,62.0,53.0,51.0,35.0,58.0,45.0,55.0,46.0,63.0,60.0,50.0,34.0,61.0,44.0
75.0,63.0,83.0,71.0,68.0,69.0,79.0,60.0,87.0,94.0,109.0,75.0,76.0,66.0,84.0,66.0,54.0,56.0,87.0,66.0,55.0,56.0,55.0,44.0,70.0,74.0,79.0,80.0,68.0,46.0,76.0,58.0,63.0,66.0,70.0,62.0,58.0,55.0,54.0,43.0,69.0,63.0,90.0,72.0,61.0,60.0,73.0,53.0,56.0,43.0,64.0,47.0,55.0,38.0,49.0,42.0,51.0,50.0,62.0,57.0,45.0,60.0,64.0,52.0
77.0,71.0,88.0,73.0,51.0,61.0,70.0,75.0,75.0,76.0,114.0,90.0,83.0,80.0,100.0,94.0,55.0,52.0,65.0,52.0,66.0,40.0,65.0,53.0,71.0,70.0,85.0,55.0,51.0,54.0,80.0,58.0,74.0,64.0,71.0,70.0,67.0,47.0,59.0,53.0,68.0,66.0,93.0,61.0,59.0,48.0,59.0,63.0,47.0,49.0,76.0,37.0,51.0,43.0,48.0,46.0,49.0,35.0,66.0,64.0,48.0,52.0,63.0,50.0
