58.0,65.0,67.0,78.0,70.0,73.0,57.0,59.0,71.0,51.0,57.0,68.0,64.0,63.0,73.0,53.0,56.0,59.0,54.0,59.0,62.0,65.0,61.0,70.0,54.0,55.0,63.0,74.0,72.0,62.0,64.0,70.0,74.0,62.0,79.0,82.0,81.0,65.0,49.0,76.0,59.0,63.0,58.0,72.0,86.0,65.0,53.0,63.0,73.0,57.0,61.0,78.0,66.0,65.0,66.0,44.0,70.0,45.0,49.0,75.0,62.0,56.0,64.0,51.0
70.0,57.0,59.0,50.0,58.0,72.0,48.0,48.0,57.0,65.0,52.0,69.0,49.0,65.0,51.0,64.0,57.0,82.0,54.0,47.0,54.0,424.0,57.0,64.0,58.0,49.0,61.0,57.0,52.0,74.0,59.0,54.0,61.0,54.0,55.0,55.0,66.0,57.0,57.0,62.0,61.0,56.0,57.0,57.0,57.0,68.0,55.0,72.0,59.0,71.0,50.0,58.0,63.0,56.0,45.0,73.0,54.0,58.0,57.0,48.0,58.0,46.0,53.0,60.0
54.0,35.0,51.0,51.0,44.0,60.0,61.0,65.0,53.0,44.0,42.0,39.0,40.0,56.0,43.0,41.0,68.0,56.0,38.0,39.0,66.0,866.0,65.0,109.0,45.0,43.0,54.0,58.0,53.0,68.0,43.0,49.0,37.0,32.0,53.0,53.0,41.0,45.0,51.0,50.0,52.0,52.0,48.0,52.0,50.0,50.0,49.0,50.0,49.0,65.0,50.0,48.0,60.0,70.0,44.0,44.0,57.0,47.0,48.0,47.0,63.0,46.0,44.0,50.0
30.0,47.0,32.0,45.0,48.0,77.0,36.0,42.0,36.0,51.0,44.0,45.0,50.0,48.0,34.0,34.0,47.0,69.0,47.0,44.0,118.0,1227.0,78.0,108.0,54.0,39.0,41.0,35.0,49.0,74.0,43.0,29.0,49.0,42.0,40.0,40.0,37.0,38.0,42.0,42.0,40.0,42.0,46.0,39.0,39.0,38.0,40.0,46.0,42.0,37.0,28.0,37.0,44.0,39.0,48.0,38.0,44.0,39.0,46.0,38.0,35.0,44.0,41.0,35.0
42.0,33.0,39.0,32.0,33.0,90.0,42.0,60.0,34.0,33.0,28.0,25.0,32.0,44.0,32.0,44.0,35.0,84.0,41.0,43.0,161.0,1352.0,118.0,173.0,34.0,45.0,31.0,37.0,34.0,120.0,36.0,35.0,32.0,35.0,40.0,40.0,37.0,32.0,35.0,44.0,21.0,42.0,34.0,26.0,31.0,26.0,36.0,42.0,29.0,35.0,29.0,28.0,36.0,34.0,42.0,33.0,27.0,38.0,29.0,36.0,29.0,23.0,47.0,26.0
39.0,32.0,35.0,33.0,37.0,86.0,28.0,43.0,23.0,26.0,28.0,36.0,31.0,31.0,39.0,32.0,50.0,115.0,31.0,45.0,178.0,1363.0,147.0,203.0,31.0,42.0,32.0,39.0,47.0,106.0,31.0,52.0,32.0,31.0,28.0,31.0,29.0,32.0,37.0,34.0,26.0,22.0,30.0,34.0,27.0,26.0,32.0,37.0,30.0,38.0,31.0,33.0,34.0,29.0,28.0,38.0,28.0,43.0,30.0,29.0,17.0,49.0,34.0,26.0
28.0,35.0,28.0,31.0,60.0,105.0,41.0,50.0,36.0,32.0,33.0,33.0,23.0,36.0,32.0,34.0,47.0,94.0,43.0,52.0,225.0,1165.0,164.0,265.0,30.0,34.0,32.0,36.0,46.0,138.0,50.0,63.0,19.0,24.0,31.0,32.0,37.0,39.0,34.0,36.0,18.0,31.0,31.0,30.0,32.0,37.0,20.0,23.0,21.0,29.0,32.0,21.0,31.0,30.0,33.0,39.0,30.0,45.0,39.0,30.0,34.0,31.0,25.0,31.0
38.0,36.0,31.0,29.0,57.0,107.0,39.0,60.0,37.0,25.0,24.0,34.0,27.0,41.0,28.0,37.0,38.0,99.0,51.0,48.0,271.0,974.0,209.0,290.0,39.0,39.0,34.0,39.0,56.0,150.0,68.0,66.0,34.0,30.0,26.0,31.0,41.0,32.0,32.0,35.0,28.0,41.0,33.0,19.0,33.0,23.0,24.0,30.0,26.0,27.0,34.0,28.0,34.0,32.0,35.0,33.0,32.0,29.0,29.0,21.0,26.0,26.0,34.0,37.0
43.0,42.0,33.0,32.0,65.0,130.0,48.0,62.0,36.0,38.0,28.0,29.0,42.0,44.0,36.0,48.0,58.0,125.0,59.0,64.0,273.0,706.0,184.0,312.0,43.0,65.0,49.0,31.0,61.0,161.0,50.0,85.0,27.0,26.0,30.0,39.0,29.0,34.0,30.0,28.0,35.0,26.0,30.0,33.0,23.0,34.0,30.0,30.0,46.0,31.0,27.0,27.0,32.0,31.0,39.0,27.0,40.0,41.0,28.0,31.0,31.0,29.0,39.0,31.0
39.0,44.0,29.0,45.0,55.0,121.0,64.0,75.0,35.0,38.0,27.0,34.0,44.0,58.0,41.0,42.0,68.0,127.0,67.0,62.0,259.0,472.0,222.0,325.0,57.0,44.0,41.0,30.0,80.0,158.0,59.0,69.0,31.0,43.0,52.0,27.0,36.0,37.0,36.0,38.0,36.0,26.0,36.0,41.0,34.0,35.0,38.0,27.0,44.0,38.0,36.0,49.0,34.0,43.0,34.0,31.0,35.0,34.0,37.0,43.0,35.0,29.0,39.0,31.0
47.0,51.0,27.0,55.0,71.0,123.0,64.0,76.0,42.0,35.0,34.0,35.0,41.0,58.0,50.0,53.0,78.0,137.0,57.0,87.0,240.0,358.0,197.0,295.0,35.0,52.0,28.0,48.0,94.0,160.0,76.0,86.0,42.0,41.0,38.0,35.0,36.0,32.0,31.0,51.0,45.0,46.0,32.0,33.0,56.0,42.0,33.0,28.0,32.0,47.0,39.0,50.0,27.0,36.0,31.0,29.0,34.0,49.0,28.0,31.0,42.0,30.0,44.0,36.0
42.0,54.0,44.0,44.0,72.0,95.0,66.0,73.0,44.0,43.0,44.0,39.0,45.0,67.0,40.0,56.0,87.0,108.0,66.0,95.0,231.0,324.0,247.0,254.0,40.0,65.0,43.0,49.0,106.0,141.0,76.0,91.0,38.0,31.0,30.0,40.0,38.0,36.0,36.0,41.0,39.0,39.0,36.0,37.0,31.0,43.0,39.0,34.0,21.0,35.0,36.0,33.0,42.0,41.0,39.0,34.0,57.0,50.0,40.0,37.0,27.0,40.0,42.0,43.0
50.0,52.0,49.0,43.0,81.0,130.0,64.0,75.0,43.0,32.0,41.0,36.0,49.0,64.0,53.0,57.0,74.0,107.0,70.0,81.0,265.0,270.0,202.0,231.0,45.0,65.0,48.0,53.0,104.0,127.0,92.0,85.0,38.0,26.0,38.0,48.0,37.0,36.0,42.0,48.0,38.0,44.0,45.0,31.0,44.0,30.0,35.0,34.0,39.0,46.0,44.0,38.0,40.0,38.0,43.0,36.0,52.0,34.0,43.0,36.0,37.0,38.0,41.0,39.0
